source	target	weight	episode
ADMIRAL ACKBAR	ADMIRAL STATURA	1	episode-7
ANAKIN	BAIL ORGANA	2	episode-3
BALA-TIK	BB-8	1	episode-7
ANAKIN	BERU	1	episode-2
DARTH VADER	BOBA FETT	3	episode-5
ANAKIN	BOSS NASS	1	episode-1
ANAKIN	BRAVO THREE	1	episode-1
ANAKIN	BRAVO TWO	2	episode-1
BRAVO THREE	BRAVO TWO	2	episode-1
ANAKIN	C-3PO	3	episode-1
ANAKIN	C-3PO	3	episode-2
BERU	C-3PO	1	episode-2
ANAKIN	C-3PO	4	episode-3
BAIL ORGANA	C-3PO	3	episode-3
BERU	C-3PO	2	episode-4
BIGGS	C-3PO	1	episode-4
DARTH VADER	C-3PO	1	episode-5
BOBA FETT	C-3PO	1	episode-5
ADMIRAL ACKBAR	C-3PO	1	episode-6
BIB FORTUNA	C-3PO	2	episode-6
BOUSHH	C-3PO	2	episode-6
ADMIRAL ACKBAR	C-3PO	1	episode-7
ADMIRAL STATURA	C-3PO	2	episode-7
BB-8	C-3PO	5	episode-7
BIGGS	CAMIE	2	episode-4
BAIL ORGANA	CAPTAIN ANTILLES	2	episode-3
C-3PO	CAPTAIN ANTILLES	1	episode-3
ANAKIN	CAPTAIN PANAKA	2	episode-1
BOSS NASS	CAPTAIN PANAKA	1	episode-1
ANAKIN	CAPTAIN TYPHO	2	episode-2
ANAKIN	CAPTAIN TYPHO	1	episode-3
C-3PO	CAPTAIN TYPHO	2	episode-3
C-3PO	CHEWBACCA	4	episode-4
DARTH VADER	CHEWBACCA	1	episode-5
BOBA FETT	CHEWBACCA	1	episode-5
C-3PO	CHEWBACCA	21	episode-5
C-3PO	CHEWBACCA	13	episode-6
BALA-TIK	CHEWBACCA	1	episode-7
BB-8	CHEWBACCA	9	episode-7
C-3PO	CHEWBACCA	2	episode-7
CAPTAIN PHASMA	CHEWBACCA	1	episode-7
ANAKIN	CLIEGG	2	episode-2
BERU	CLIEGG	1	episode-2
C-3PO	CLIEGG	1	episode-2
ANAKIN	CLONE COMMANDER CODY	1	episode-3
DARTH MAUL	DARTH SIDIOUS	3	episode-1
RUNE	DARTH SIDIOUS	3	episode-1
DARTH TIRANUS	DARTH SIDIOUS	1	episode-2
DARTH VADER	DARTH SIDIOUS	2	episode-3
COUNT DOOKU	DARTH SIDIOUS	1	episode-3
DARTH VADER	DARTH SIDIOUS	1	episode-5
DARTH VADER	DARTH SIDIOUS	5	episode-6
ANAKIN	DARTH TIRANUS	2	episode-2
ANAKIN	DARTH TIRANUS	1	episode-3
ANAKIN	DARTH VADER	1	episode-3
C-3PO	DERLIN	1	episode-5
BAIL ORGANA	FANG ZAR	2	episode-3
ADMIRAL ACKBAR	FINN	1	episode-7
ADMIRAL STATURA	FINN	1	episode-7
BALA-TIK	FINN	1	episode-7
BB-8	FINN	15	episode-7
C-3PO	FINN	1	episode-7
CAPTAIN PHASMA	FINN	3	episode-7
CHEWBACCA	FINN	20	episode-7
DARTH MAUL	GENERAL CEEL	1	episode-1
ANAKIN	GENERAL GRIEVOUS	1	episode-3
CAPTAIN PHASMA	GENERAL HUX	1	episode-7
COLONEL DATOO	GENERAL HUX	1	episode-7
BAIL ORGANA	GIDDEAN DANU	1	episode-3
FANG ZAR	GIDDEAN DANU	1	episode-3
BIGGS	GOLD LEADER	1	episode-4
DODONNA	GOLD LEADER	1	episode-4
ANAKIN	GREEDO	1	episode-1
C-3PO	HAN	6	episode-4
CHEWBACCA	HAN	19	episode-4
GREEDO	HAN	1	episode-4
DARTH VADER	HAN	2	episode-5
BOBA FETT	HAN	1	episode-5
C-3PO	HAN	27	episode-5
CHEWBACCA	HAN	19	episode-5
ADMIRAL ACKBAR	HAN	1	episode-6
BOUSHH	HAN	1	episode-6
C-3PO	HAN	18	episode-6
CHEWBACCA	HAN	20	episode-6
ADMIRAL ACKBAR	HAN	1	episode-7
ADMIRAL STATURA	HAN	1	episode-7
BALA-TIK	HAN	2	episode-7
BB-8	HAN	10	episode-7
C-3PO	HAN	3	episode-7
CAPTAIN PHASMA	HAN	2	episode-7
CHEWBACCA	HAN	24	episode-7
FINN	HAN	23	episode-7
ANAKIN	JABBA	1	episode-1
FODE/BEED	JABBA	1	episode-1
HAN	JABBA	1	episode-4
BIB FORTUNA	JABBA	1	episode-6
BOUSHH	JABBA	1	episode-6
C-3PO	JABBA	3	episode-6
BOBA FETT	JANGO FETT	3	episode-2
COUNT DOOKU	JANGO FETT	1	episode-2
ANAKIN	JAR JAR	8	episode-1
BOSS NASS	JAR JAR	2	episode-1
CAPTAIN PANAKA	JAR JAR	7	episode-1
FODE/BEED	JAR JAR	2	episode-1
GENERAL CEEL	JAR JAR	1	episode-1
JABBA	JAR JAR	1	episode-1
ANAKIN	JAR JAR	3	episode-2
BAIL ORGANA	JAR JAR	1	episode-2
CAPTAIN TYPHO	JAR JAR	1	episode-2
ANAKIN	JAR JAR	1	episode-3
DARTH VADER	JERJERROD	1	episode-6
ELLO ASTY	JESS	2	episode-7
ANAKIN	JIRA	2	episode-1
ANAKIN	JOBAL	1	episode-2
ANAKIN	KI-ADI-MUNDI	2	episode-1
BAIL ORGANA	KI-ADI-MUNDI	1	episode-2
ANAKIN	KITSTER	3	episode-1
C-3PO	KITSTER	1	episode-1
JAR JAR	KITSTER	1	episode-1
CAPTAIN PHASMA	KYLO REN	1	episode-7
CHEWBACCA	KYLO REN	3	episode-7
FINN	KYLO REN	2	episode-7
GENERAL HUX	KYLO REN	5	episode-7
HAN	KYLO REN	3	episode-7
DARTH VADER	LANDO	4	episode-5
BOBA FETT	LANDO	2	episode-5
C-3PO	LANDO	7	episode-5
CHEWBACCA	LANDO	9	episode-5
HAN	LANDO	7	episode-5
ADMIRAL ACKBAR	LANDO	5	episode-6
C-3PO	LANDO	1	episode-6
CHEWBACCA	LANDO	6	episode-6
HAN	LANDO	5	episode-6
DARTH VADER	LEIA	1	episode-4
BERU	LEIA	1	episode-4
BIGGS	LEIA	1	episode-4
C-3PO	LEIA	6	episode-4
CHEWBACCA	LEIA	8	episode-4
HAN	LEIA	13	episode-4
DARTH VADER	LEIA	1	episode-5
BOBA FETT	LEIA	1	episode-5
C-3PO	LEIA	23	episode-5
CHEWBACCA	LEIA	19	episode-5
DERLIN	LEIA	1	episode-5
HAN	LEIA	33	episode-5
LANDO	LEIA	10	episode-5
ADMIRAL ACKBAR	LEIA	1	episode-6
BOUSHH	LEIA	1	episode-6
C-3PO	LEIA	15	episode-6
CHEWBACCA	LEIA	14	episode-6
HAN	LEIA	18	episode-6
LANDO	LEIA	2	episode-6
ADMIRAL ACKBAR	LEIA	1	episode-7
ADMIRAL STATURA	LEIA	2	episode-7
BB-8	LEIA	3	episode-7
C-3PO	LEIA	5	episode-7
CHEWBACCA	LEIA	3	episode-7
FINN	LEIA	3	episode-7
HAN	LEIA	5	episode-7
GENERAL HUX	LIEUTENANT MITAKA	1	episode-7
KYLO REN	LIEUTENANT MITAKA	2	episode-7
BB-8	LOR SAN TEKKA	2	episode-7
CAPTAIN PHASMA	LOR SAN TEKKA	1	episode-7
KYLO REN	LOR SAN TEKKA	1	episode-7
BERU	LUKE	3	episode-4
BIGGS	LUKE	4	episode-4
C-3PO	LUKE	18	episode-4
CAMIE	LUKE	2	episode-4
CHEWBACCA	LUKE	14	episode-4
DODONNA	LUKE	1	episode-4
GOLD LEADER	LUKE	1	episode-4
HAN	LUKE	26	episode-4
LEIA	LUKE	17	episode-4
DARTH VADER	LUKE	2	episode-5
C-3PO	LUKE	1	episode-5
CHEWBACCA	LUKE	5	episode-5
DACK	LUKE	3	episode-5
HAN	LUKE	4	episode-5
LANDO	LUKE	2	episode-5
LEIA	LUKE	1	episode-5
ADMIRAL ACKBAR	LUKE	1	episode-6
ANAKIN	LUKE	1	episode-6
DARTH VADER	LUKE	5	episode-6
BIB FORTUNA	LUKE	1	episode-6
C-3PO	LUKE	10	episode-6
CHEWBACCA	LUKE	10	episode-6
HAN	LUKE	13	episode-6
JABBA	LUKE	2	episode-6
LANDO	LUKE	4	episode-6
LEIA	LUKE	8	episode-6
ANAKIN	MACE WINDU	3	episode-1
KI-ADI-MUNDI	MACE WINDU	3	episode-1
ANAKIN	MACE WINDU	1	episode-2
BAIL ORGANA	MACE WINDU	2	episode-2
COUNT DOOKU	MACE WINDU	2	episode-2
JAR JAR	MACE WINDU	1	episode-2
KI-ADI-MUNDI	MACE WINDU	1	episode-2
ANAKIN	MACE WINDU	5	episode-3
CLONE COMMANDER CODY	MACE WINDU	1	episode-3
BB-8	MAZ	3	episode-7
CHEWBACCA	MAZ	2	episode-7
FINN	MAZ	2	episode-7
HAN	MAZ	4	episode-7
BAIL ORGANA	MON MOTHMA	2	episode-3
FANG ZAR	MON MOTHMA	2	episode-3
GIDDEAN DANU	MON MOTHMA	1	episode-3
ADMIRAL ACKBAR	MON MOTHMA	1	episode-6
C-3PO	MON MOTHMA	1	episode-6
CHEWBACCA	MON MOTHMA	1	episode-6
HAN	MON MOTHMA	1	episode-6
LANDO	MON MOTHMA	1	episode-6
LEIA	MON MOTHMA	1	episode-6
LUKE	MON MOTHMA	1	episode-6
DARTH VADER	MOTTI	1	episode-4
LEIA	MOTTI	1	episode-4
DARTH VADER	NEEDA	1	episode-5
ELLO ASTY	NIV LEK	2	episode-7
JESS	NIV LEK	2	episode-7
DARTH MAUL	NUTE GUNRAY	3	episode-1
DOFINE	NUTE GUNRAY	1	episode-1
GENERAL CEEL	NUTE GUNRAY	1	episode-1
ANAKIN	NUTE GUNRAY	1	episode-2
COUNT DOOKU	NUTE GUNRAY	1	episode-2
GENERAL GRIEVOUS	NUTE GUNRAY	1	episode-3
ANAKIN	OBI-WAN	5	episode-1
BOSS NASS	OBI-WAN	2	episode-1
CAPTAIN PANAKA	OBI-WAN	7	episode-1
JAR JAR	OBI-WAN	12	episode-1
KI-ADI-MUNDI	OBI-WAN	1	episode-1
MACE WINDU	OBI-WAN	2	episode-1
ANAKIN	OBI-WAN	13	episode-2
BAIL ORGANA	OBI-WAN	1	episode-2
BOBA FETT	OBI-WAN	1	episode-2
CAPTAIN TYPHO	OBI-WAN	2	episode-2
COUNT DOOKU	OBI-WAN	2	episode-2
JANGO FETT	OBI-WAN	1	episode-2
JAR JAR	OBI-WAN	3	episode-2
LAMA SU	OBI-WAN	6	episode-2
MACE WINDU	OBI-WAN	4	episode-2
NUTE GUNRAY	OBI-WAN	1	episode-2
ANAKIN	OBI-WAN	26	episode-3
DARTH VADER	OBI-WAN	2	episode-3
BAIL ORGANA	OBI-WAN	7	episode-3
C-3PO	OBI-WAN	3	episode-3
CLONE COMMANDER CODY	OBI-WAN	2	episode-3
DARTH TIRANUS	OBI-WAN	1	episode-3
GENERAL GRIEVOUS	OBI-WAN	2	episode-3
MACE WINDU	OBI-WAN	3	episode-3
DARTH VADER	OBI-WAN	1	episode-4
C-3PO	OBI-WAN	6	episode-4
CHEWBACCA	OBI-WAN	4	episode-4
HAN	OBI-WAN	9	episode-4
LEIA	OBI-WAN	1	episode-4
LUKE	OBI-WAN	19	episode-4
HAN	OBI-WAN	1	episode-5
LUKE	OBI-WAN	2	episode-5
LUKE	OBI-WAN	1	episode-6
ANAKIN	ODD BALL	2	episode-3
OBI-WAN	ODD BALL	2	episode-3
JAR JAR	ORN FREE TAA	1	episode-2
ANAKIN	OWEN	3	episode-2
BERU	OWEN	1	episode-2
C-3PO	OWEN	2	episode-2
CLIEGG	OWEN	2	episode-2
BERU	OWEN	3	episode-4
C-3PO	OWEN	2	episode-4
LUKE	OWEN	3	episode-4
DARTH VADER	OZZEL	2	episode-5
ANAKIN	PADME	16	episode-1
BOSS NASS	PADME	2	episode-1
C-3PO	PADME	2	episode-1
CAPTAIN PANAKA	PADME	7	episode-1
FODE/BEED	PADME	1	episode-1
JABBA	PADME	1	episode-1
JAR JAR	PADME	9	episode-1
JIRA	PADME	1	episode-1
KITSTER	PADME	1	episode-1
NUTE GUNRAY	PADME	1	episode-1
OBI-WAN	PADME	1	episode-1
ANAKIN	PADME	16	episode-2
BERU	PADME	1	episode-2
C-3PO	PADME	5	episode-2
CLIEGG	PADME	2	episode-2
COUNT DOOKU	PADME	3	episode-2
JAR JAR	PADME	1	episode-2
JOBAL	PADME	1	episode-2
MACE WINDU	PADME	2	episode-2
NUTE GUNRAY	PADME	1	episode-2
OBI-WAN	PADME	2	episode-2
OWEN	PADME	4	episode-2
ANAKIN	PADME	8	episode-3
DARTH VADER	PADME	1	episode-3
BAIL ORGANA	PADME	5	episode-3
C-3PO	PADME	5	episode-3
CAPTAIN TYPHO	PADME	2	episode-3
FANG ZAR	PADME	2	episode-3
GIDDEAN DANU	PADME	1	episode-3
MON MOTHMA	PADME	2	episode-3
OBI-WAN	PADME	6	episode-3
BAIL ORGANA	PALPATINE	1	episode-1
CAPTAIN PANAKA	PALPATINE	3	episode-1
PADME	PALPATINE	1	episode-1
QUI-GON	PALPATINE	1	episode-1
SIO BIBBLE	PALPATINE	1	episode-1
VALORUM	PALPATINE	2	episode-1
BAIL ORGANA	PALPATINE	2	episode-2
SENATOR ASK AAK	PALPATINE	2	episode-2
YODA	PALPATINE	2	episode-2
ANAKIN	PALPATINE	13	episode-3
BAIL ORGANA	PALPATINE	3	episode-3
C-3PO	PALPATINE	2	episode-3
PADME	PALPATINE	4	episode-3
R2-D2	PALPATINE	2	episode-3
GENERAL CEEL	PALPATINE	1	episode-1
JAR JAR	PALPATINE	2	episode-1
NUTE GUNRAY	DARTH SIDIOUS	5	episode-1
JAR JAR	PALPATINE	2	episode-2
KI-ADI-MUNDI	PALPATINE	1	episode-2
MACE WINDU	PALPATINE	2	episode-2
OBI-WAN	PALPATINE	1	episode-2
ORN FREE TAA	PALPATINE	2	episode-2
JAR JAR	PALPATINE	1	episode-3
MACE WINDU	DARTH SIDIOUS	1	episode-3
NUTE GUNRAY	DARTH SIDIOUS	1	episode-3
OBI-WAN	PALPATINE	4	episode-3
LUKE	DARTH SIDIOUS	3	episode-6
DARTH VADER	PIETT	7	episode-5
BOBA FETT	PIETT	1	episode-5
NEEDA	PIETT	1	episode-5
OZZEL	PIETT	2	episode-5
DARTH VADER	PIETT	1	episode-6
OBI-WAN	PK-4	1	episode-2
KI-ADI-MUNDI	PLO KOON	1	episode-2
ADMIRAL ACKBAR	POE	1	episode-7
ADMIRAL STATURA	POE	1	episode-7
BB-8	POE	8	episode-7
C-3PO	POE	2	episode-7
CAPTAIN PHASMA	POE	1	episode-7
CHEWBACCA	POE	2	episode-7
ELLO ASTY	POE	3	episode-7
FINN	POE	11	episode-7
HAN	POE	2	episode-7
JESS	POE	2	episode-7
KYLO REN	POE	2	episode-7
LEIA	POE	3	episode-7
LOR SAN TEKKA	POE	3	episode-7
NIV LEK	POE	2	episode-7
ANAKIN	POGGLE	1	episode-2
COUNT DOOKU	POGGLE	1	episode-2
NUTE GUNRAY	POGGLE	2	episode-2
OBI-WAN	POGGLE	1	episode-2
PADME	POGGLE	1	episode-2
ANAKIN	QUI-GON	22	episode-1
BOSS NASS	QUI-GON	2	episode-1
C-3PO	QUI-GON	1	episode-1
CAPTAIN PANAKA	QUI-GON	9	episode-1
GREEDO	QUI-GON	1	episode-1
JABBA	QUI-GON	1	episode-1
JAR JAR	QUI-GON	22	episode-1
JIRA	QUI-GON	2	episode-1
KI-ADI-MUNDI	QUI-GON	2	episode-1
KITSTER	QUI-GON	2	episode-1
MACE WINDU	QUI-GON	2	episode-1
NUTE GUNRAY	QUI-GON	1	episode-1
OBI-WAN	QUI-GON	26	episode-1
PADME	QUI-GON	16	episode-1
BAIL ORGANA	QUI-GON	1	episode-3
ANAKIN	R2-D2	16	episode-1
C-3PO	R2-D2	2	episode-1
KITSTER	R2-D2	2	episode-1
PADME	R2-D2	11	episode-1
QUI-GON	R2-D2	14	episode-1
ANAKIN	R2-D2	7	episode-2
C-3PO	R2-D2	3	episode-2
PADME	R2-D2	7	episode-2
ANAKIN	R2-D2	9	episode-3
BAIL ORGANA	R2-D2	4	episode-3
C-3PO	R2-D2	5	episode-3
CAPTAIN ANTILLES	R2-D2	1	episode-3
OBI-WAN	R2-D2	12	episode-3
PADME	R2-D2	4	episode-3
BERU	R2-D2	1	episode-4
BIGGS	R2-D2	1	episode-4
C-3PO	R2-D2	17	episode-4
CHEWBACCA	R2-D2	3	episode-4
HAN	R2-D2	6	episode-4
LEIA	R2-D2	5	episode-4
LUKE	R2-D2	14	episode-4
OBI-WAN	R2-D2	4	episode-4
OWEN	R2-D2	1	episode-4
C-3PO	R2-D2	10	episode-5
CHEWBACCA	R2-D2	5	episode-5
HAN	R2-D2	4	episode-5
LANDO	R2-D2	1	episode-5
LEIA	R2-D2	5	episode-5
LUKE	R2-D2	7	episode-5
C-3PO	R2-D2	14	episode-6
CHEWBACCA	R2-D2	8	episode-6
HAN	R2-D2	9	episode-6
JABBA	R2-D2	2	episode-6
LANDO	R2-D2	2	episode-6
LEIA	R2-D2	12	episode-6
LUKE	R2-D2	8	episode-6
MON MOTHMA	R2-D2	1	episode-6
BB-8	R2-D2	2	episode-7
C-3PO	R2-D2	2	episode-7
CHEWBACCA	R2-D2	1	episode-7
ANAKIN	RABE	1	episode-1
KI-ADI-MUNDI	RABE	1	episode-1
MACE WINDU	RABE	1	episode-1
QUI-GON	RABE	1	episode-1
BIGGS	RED LEADER	3	episode-4
C-3PO	RED LEADER	1	episode-4
GOLD LEADER	RED LEADER	1	episode-4
LEIA	RED LEADER	1	episode-4
LUKE	RED LEADER	3	episode-4
LUKE	RED TEN	1	episode-4
RED LEADER	RED TEN	1	episode-4
BALA-TIK	REY	1	episode-7
BB-8	REY	17	episode-7
CHEWBACCA	REY	13	episode-7
FINN	REY	29	episode-7
HAN	REY	17	episode-7
KYLO REN	REY	4	episode-7
LEIA	REY	1	episode-7
LUKE	REY	1	episode-7
MAZ	REY	2	episode-7
ANAKIN	RIC OLIE	4	episode-1
BRAVO THREE	RIC OLIE	2	episode-1
BRAVO TWO	RIC OLIE	4	episode-1
CAPTAIN PANAKA	RIC OLIE	2	episode-1
JAR JAR	RIC OLIE	1	episode-1
OBI-WAN	RIC OLIE	3	episode-1
QUI-GON	RIC OLIE	2	episode-1
C-3PO	RIEEKAN	1	episode-5
CHEWBACCA	RIEEKAN	1	episode-5
HAN	RIEEKAN	3	episode-5
LEIA	RIEEKAN	4	episode-5
DARTH MAUL	RUNE	1	episode-1
NUTE GUNRAY	RUNE	8	episode-1
ANAKIN	RUWEE	3	episode-2
JOBAL	RUWEE	1	episode-2
PADME	RUWEE	1	episode-2
ANAKIN	SEBULBA	2	episode-1
JABBA	SEBULBA	1	episode-1
JAR JAR	SEBULBA	2	episode-1
PADME	SEBULBA	2	episode-1
QUI-GON	SEBULBA	2	episode-1
BAIL ORGANA	SENATOR ASK AAK	1	episode-2
JAR JAR	SENATOR ASK AAK	1	episode-2
MACE WINDU	SENATOR ASK AAK	1	episode-2
OBI-WAN	SENATOR ASK AAK	1	episode-2
ORN FREE TAA	SENATOR ASK AAK	1	episode-2
ANAKIN	SHMI	7	episode-1
JABBA	SHMI	1	episode-1
JAR JAR	SHMI	3	episode-1
KITSTER	SHMI	1	episode-1
OBI-WAN	SHMI	1	episode-1
PADME	SHMI	5	episode-1
QUI-GON	SHMI	8	episode-1
SEBULBA	SHMI	1	episode-1
ANAKIN	SHMI	1	episode-2
CAPTAIN PANAKA	SIO BIBBLE	3	episode-1
JAR JAR	SIO BIBBLE	1	episode-1
NUTE GUNRAY	SIO BIBBLE	2	episode-1
OBI-WAN	SIO BIBBLE	1	episode-1
PADME	SIO BIBBLE	1	episode-1
QUI-GON	SIO BIBBLE	2	episode-1
ANAKIN	SIO BIBBLE	1	episode-2
ADMIRAL ACKBAR	SNAP	1	episode-7
ADMIRAL STATURA	SNAP	1	episode-7
C-3PO	SNAP	1	episode-7
FINN	SNAP	1	episode-7
HAN	SNAP	1	episode-7
JESS	SNAP	1	episode-7
LEIA	SNAP	1	episode-7
POE	SNAP	2	episode-7
GENERAL HUX	SNOKE	3	episode-7
KYLO REN	SNOKE	2	episode-7
ANAKIN	SOLA	1	episode-2
JOBAL	SOLA	2	episode-2
PADME	SOLA	1	episode-2
RUWEE	SOLA	1	episode-2
ANAKIN	SUN RIT	1	episode-2
COUNT DOOKU	SUN RIT	1	episode-2
NUTE GUNRAY	SUN RIT	2	episode-2
OBI-WAN	SUN RIT	1	episode-2
PADME	SUN RIT	1	episode-2
POGGLE	SUN RIT	2	episode-2
DARTH VADER	TARKIN	7	episode-4
LEIA	TARKIN	1	episode-4
MOTTI	TARKIN	2	episode-4
JAR JAR	TARPALS	2	episode-1
BOBA FETT	TAUN WE	2	episode-2
JANGO FETT	TAUN WE	1	episode-2
LAMA SU	TAUN WE	2	episode-2
OBI-WAN	TAUN WE	5	episode-2
DOFINE	TC-14	1	episode-1
NUTE GUNRAY	TC-14	1	episode-1
OBI-WAN	TC-14	1	episode-1
PK-4	TC-14	1	episode-1
QUI-GON	TC-14	1	episode-1
DOFINE	TEY HOW	1	episode-1
NUTE GUNRAY	TEY HOW	1	episode-1
RUNE	TEY HOW	2	episode-1
OBI-WAN	TION MEDON	1	episode-3
BB-8	UNKAR PLUTT	1	episode-7
REY	UNKAR PLUTT	2	episode-7
BAIL ORGANA	VALORUM	1	episode-1
JAR JAR	VALORUM	1	episode-1
QUI-GON	VALORUM	1	episode-1
ANAKIN	WALD	2	episode-1
GREEDO	WALD	1	episode-1
JAR JAR	WALD	1	episode-1
KITSTER	WALD	1	episode-1
QUI-GON	WALD	2	episode-1
ANAKIN	WATTO	4	episode-1
C-3PO	WATTO	1	episode-1
KITSTER	WATTO	1	episode-1
PADME	WATTO	3	episode-1
QUI-GON	WATTO	6	episode-1
R2-D2	WATTO	3	episode-1
ANAKIN	WATTO	1	episode-2
BIGGS	WEDGE	2	episode-4
DODONNA	WEDGE	1	episode-4
GOLD LEADER	WEDGE	1	episode-4
LUKE	WEDGE	2	episode-4
RED LEADER	WEDGE	3	episode-4
JANSON	WEDGE	2	episode-5
LUKE	WEDGE	2	episode-5
ADMIRAL ACKBAR	WEDGE	1	episode-6
LANDO	WEDGE	6	episode-6
ANAKIN	YODA	3	episode-1
KI-ADI-MUNDI	YODA	3	episode-1
MACE WINDU	YODA	4	episode-1
OBI-WAN	YODA	3	episode-1
QUI-GON	YODA	2	episode-1
RABE	YODA	1	episode-1
ANAKIN	YODA	1	episode-2
BAIL ORGANA	YODA	2	episode-2
DARTH TIRANUS	YODA	2	episode-2
JAR JAR	YODA	1	episode-2
KI-ADI-MUNDI	YODA	1	episode-2
MACE WINDU	YODA	8	episode-2
OBI-WAN	YODA	5	episode-2
PADME	YODA	1	episode-2
SENATOR ASK AAK	YODA	1	episode-2
ANAKIN	YODA	5	episode-3
BAIL ORGANA	YODA	6	episode-3
C-3PO	YODA	1	episode-3
CLONE COMMANDER CODY	YODA	1	episode-3
CLONE COMMANDER GREE	YODA	1	episode-3
MACE WINDU	YODA	4	episode-3
OBI-WAN	YODA	11	episode-3
QUI-GON	YODA	1	episode-3
R2-D2	YODA	1	episode-3
LUKE	YODA	5	episode-5
OBI-WAN	YODA	1	episode-5
LUKE	YODA	1	episode-6
ELLO ASTY	YOLO ZIFF	1	episode-7
JESS	YOLO ZIFF	1	episode-7
NIV LEK	YOLO ZIFF	1	episode-7
POE	YOLO ZIFF	1	episode-7
HAN	ZEV	1	episode-5
LUKE	ZEV	1	episode-5